代號,名稱,掛牌最高,掛牌最低
11011,台泥一永,108.1,94.4
12101,大成一,127,72.5
12161,統一一,106.75,91.2
12171,愛之味一,123,100
12172,愛之味二,112,89
12173,愛之味三,105,99.6
12181,泰山一,109.9,99
12251,福脂一,233,101
12561,鮮活果汁一KY,104,94.55
12581,其祥一KY,124.25,99.1
12582,其祥二KY,101.3,76.2
13121,國喬一    ,171,90
13161,上曜一,122,99.65
13162,上曜二,177,104
13163,上曜三,117.95,99.6
13164,上曜四,189,99.5
13165,上曜五,232,99.6
13166,上曜六,125.5,102.8
13191,東陽一,115,95.4
13361,台翰一,116,101.1
13371,再生一,120.5,82.95
13381,廣華一KY,117,97.1
13382,廣華二KY,115.5,89
13411,富林一KY,116.9,100.8
13421,八貫一,243,106.5
14093,新纖三,180,77
14321,大魯閣一,119,100.5
14322,大魯閣二,119.1,92.3
14361,華友聯一,695,106
14362,華友聯二,600,111.1
14363,華友聯三,124.25,93.6
14364,華友聯四,104.95,92.5
14371,勤益一,266,92
14381,三地開發一,134,119
14422,名軒二,165,105.55
14423,名軒三,188,105
14571,宜進一,109.8,90
14641,得力一,172,107
14642,得力二,177,103
14661,聚隆一,127,98
14662,聚隆二,147.5,102.75
14663,聚隆三,109,98
14664,聚隆四,116.95,103
14671,南緯一,142.2,101.5
14721,三洋實業一,124.5,99.1
14722,三洋實業二,110.3,103.05
14723,三洋實業三,99.45,94.25
14741,弘裕一,125,100
14742,弘裕二,117,96
14743,弘裕三,99.95,89.5
14771,聚陽一,386,110
14772,聚陽二 ,292,100
14773,聚陽三,495,106.5
14774,聚陽四,401,106.2
15043,東元三,167,99.05
15061,正道一,121,96.95
15131,中興電一,213,101
15132,中興電二,231,106
15141,亞力一,276,103.8
15142,亞力二,139.65,99.45
15151,力山一,131,122
15221,堤維西一,142,92
15241,耿鼎一,195,103.2
15242,耿鼎二,100,100
15243,耿鼎三,127,101
15261,日馳一,104.8,90.1
15281,恩德一,132,78.3
15282,恩德二,149,102
15291,樂士一,179,52.3
15301,亞崴一,115,103
15302,亞崴二,105,98
15321,勤美一,225,123
15322,勤美二,211,102.5
15323,勤美三,338,102
15324,勤美四,184,99.75
15331,車王電一,132,103
15332,車王電二,111,93.5
15351,中宇一,164,104
15361,和大一,231,97.1
15362,和大二,141.5,82.15
15363,和大三,765,693
15364,和大四,130.3,93.9
15371,廣隆一,225,83
15411,錩泰一,129.45,77
15601,中砂一,196,98.7
15661,捷邦一,124.85,94
15691,濱川一,207,92.25
15692,濱川二,182,107
15693,濱川三,162,107
15694,濱川四,136.95,101
15695,濱川五,187,100.2
15696,濱川六,149,95
15821,信錦一,130.8,97.6
15822,信錦二,147,98.5
15823,信錦三,203,101
15831,程泰一,106.8,95.05
15841,精剛一,117.7,93
15842,精剛二,113,100
15861,和勤一,189,100.2
15862,和勤二,127.5,99.5
15863,和勤三,125.25,98.55
15864,和勤四,124,100.05
15865,和勤五,114.5,93.55
15891,永冠一KY,165,100.05
15892,永冠二KY,114,97.5
15893,永冠三KY,116,93.7
15894,永冠四KY,131.1,34.9
15921,英瑞一KY,99.6,26.1
15931,祺驊一,145,102.05
15932,祺驊二,228,105
15951,川寶一,115.5,96
15952,川寶二,192,102
15981,岱宇一,381,100
15982,岱宇二,177,99.6
15983,岱宇三,121,95.1
15984,岱宇四,103.5,90.05
15991,宏佳騰一,109,99.1
16031,華電一,221,100
16062,歌林二,101.5,8.05
16091,大亞一,184,114
16092,大亞二,184,114
16093,大亞三,185,92.2
16094,大亞四,187,98
16095,大亞五,119.5,92.85
16111,中電ㄧ,135,96.4
16112,中電二,102.4,95
16161,億泰一,199,99
16171,榮星一,128.85,99
16172,榮星二,148,102
16173,榮星三,176,94
16181,合機一,377,125
16261,艾美特一KY,101.35,89
16262,艾美特二KY,125.5,99.7
16263,艾美特三KY,111.2,101
16264,艾美特四KY,105.5,90.6
17043,榮化三,106,71.2
17071,葡萄王一,169,98.8
17091,和益一,164,98.5
17121,興農一,142.1,99.6
17151,萬洲一,199,90
17152,萬洲二,149,99.5
17153,萬洲三,103.9,95
17202,生達二,142.85,100
17203,生達三,207,97.65
17271,中華化一,147,97.55
17291,必翔一,145.5,83
17292,必翔二,101.6,85.45
17301,花仙子一,178,103.5
17331,五鼎一,111.8,99.1
17332,五鼎二,128.2,99.5
17333,五鼎三,123,100
17341,杏輝一,172,100.1
17351,日勝化一,594,120
17521,南光一,126.9,99.65
17522,南光二,159,106.25
17811,合世一,268,107
17812,合世二,200,100
17813,合世三,116.95,100.3
17841,訊聯一,143,68.5
17851,光洋科一,435,101.4
17852,光洋科二,297,103
17861,科妍一,117,98.5
17862,科妍二,313,100
17863,科妍三,173,100
17871,福盈一,133.6,100
17872,福盈二,230,101.5
17881,杏昌一,163,103.8
17951,美時一,161,99
17952,美時二,147.2,97
17953,美時三,611,107
17961,金穎生技一,106.3,80
17991,易威一,133,99.6
18051,寶徠一,117,99.75
18061,冠軍一,269,101.2
18062,冠軍二,266,107
18081,潤隆一,165,106.1
18082,潤隆二,156,104
18083,潤隆三,305,105.2
18131,寶利一,128.1,100
18151,富喬一,190,93
18152,富喬二,0,0
18153,富喬三,130.35,99
18154,富喬四,202,96
18155,富喬五,132,96.3
18156,富喬六,765,95.6
19021,台紙一,150,93
19022,台紙二,135,89.05
19023,台紙三,201,107
19093,榮成三,225,93.8
19094,榮成四,118.5,92.2
20062,東和鋼鐵二,199,96.2
20063,東和鋼鐵三,238,104.6
20064,東和鋼鐵四,110.3,81.55
20065,東和鋼鐵五,126.15,99.85
20066,東和鋼鐵六,109.2,99.2
20067,東和鋼鐵七,173,100
20121,春雨一,112.35,97.1
20122,春雨二,112.6,97.3
20123,春雨三,112,97.15
20201,美亞一,136.5,96
20202,美亞二,126.5,76.8
20203,美亞三,161,89.5
20221,聚亨一,202,103.05
20222,聚亨二,195,87.8
20223,聚亨三,128.7,106.85
20224,聚亨四,120.9,99.8
20231,燁輝一,157,98
20271,成鋼一,115,83.85
20301,彰源一,171,101.2
20311,新光一,266,132
20312,新光鋼二,158,92
20313,新光鋼三,269,107
20314,新光鋼四,149,97.9
20315,新光鋼五,284,100.5
20321,新光鋼一    ,112,84
20341,允強一,186,96
20342,允強二,153,89
20343,允強三,180,99.8
20344,允強四,120,100
20381,海光一,112,100.05
20382,海光二,109.9,89
20591,川湖一,121,90.5
20592,川湖二,210,99
20611,風青一,191,110
20612,風青二,136.9,99.7
20631,世鎧一,123.5,99.65
20632,世鎧二,117.2,98
20651,世豐一,165,100.6
20652,世豐二,134.95,99.5
20661,世德一,250,106
20662,世德二,156,95
20691,運錩一,189,106.3
20692,運錩二,177,100.15
20693,運錩三,105.9,94.7
20694,運錩四,123.05,94.05
21011,南港一,136,99.45
21031,中橡二,245,101.5
21043,國際中橡三,106.4,94.05
21071,厚生一,194,99.9
21091,華豐一,145.8,100
21141,鑫永一,258,81.5
21151,六暉一KY,116.9,95
22012,裕隆二,152,99.7
22013,裕隆三,118.45,94
22043,中華三,105.3,92.55
22081,台船一,151,99.55
22281,劍麟一,200,102
22282,劍麟二,117.45,99
22283,劍麟三,152,106
22301,泰茂一,112,98.5
22302,泰茂二,117.8,99.85
22303,泰茂三,107,99.15
22304,泰茂四,470,121.45
22311,為升一,522,107
22312,為升二,158,100.6
22313,為升三,134.3,98.6
22331,宇隆一,153,111.1
22361,百達一KY,125,99.8
22362,百達二KY,215,104
22363,百達三K,111,90.5
22391,英利一KY,119.9,99.1
22392,英利二KY,108.5,96.8
22393,英利三KY,130,99.5
22431,宏旭一KY,134,80.6
22471,汎德一,118.5,100
22472,汎德二,119.95,100.5
22501,IKKA一KY,185,100.2
23131,華通一,117,112
23132,華通二    ,165,99
23133,華通三    ,179,96.5
23141,台揚一,116,82
23142,台揚二,153,104
23171,鴻海一,113.5,94.5
23291,華泰一,135.7,112.2
23323,友訊三,108.8,93.1
23331,碧悠一,113.5,98.5
23371,旺宏一,184,87
23372,旺宏二,702,87
23382,光罩二,117.5,97.9
23383,光罩三,132.5,92.7
23401,光磊二,154,67
23471,聯強一,149.9,79
23472,聯強二,104.8,97
23481,海悅一,208,109
23511,順德一,235,102.2
23521,明碁一,100,99
23532,宏碁二,105,92.55
23541,鴻準一,114.1,81.75
23551,敬鵬一,156,100
23571,華碩一,120.5,94.4
23581,廷鑫一,118.5,96.35
23601,致茂一,100,99.5
23602,致茂二,309,100
23651,昆盈一,117.5,97
23652,昆盈二,115.2,99.9
23671,燿華一,253,105
23672,燿華二,263,104.05
23681,金像電一,153,104
23682,金像電二,323,99.5
23683,金像電三,323,124.15
23691,菱生一,177,91.3
23692,菱生二,187,79.65
23711,大同一,161,92.5
23712,大同二,122.35,87.15
23741,佳能一,109.6,98.1
23742,佳能二,130,109
23772,微星二,110,71
23791,瑞昱一,146,126
23831,台光電一,280,62
23832,台光電二,214,80
23833,台光電三,246,100
23834,台光電四,166,100.4
23835,台光電五,388,97
23836,台光電六,230,101.75
23837,台光電七,224,105
23841,勝華一,133,113.5
23851,群光一,169,83
23881,威盛一,122,103.8
23891,世昕一,115,92.5
23901,云辰一,109.1,108.4
23921,正崴一,110.1,92.05
23932,億光二,169,93
23933,億光三,130.45,79.25
23934,億光四,120.7,101.3
23935,億光五,120.1,97.9
23936,億光六,101.2,95
23952,研華二,274,104
23981,博達一,112.9,88.2
24021,毅嘉一,188,130
24022,毅嘉二,106.45,94.2
24023,毅嘉三,160,102.65
24061,國碩一,123,98.55
24062,國碩二,184,100
24063,國碩三,183,100.15
24064,國碩四,113.6,101.5
24071,陞技一,127.4,42.9
24081,南科一,109.5,97
24091,友達一,316,216
24092,友達二,112.5,95.75
24093,友達三,167,85
24131,環科一,124.4,109.5
24141,精技一,184,82
24151,錩新一,122.4,86.3
24172,圓剛二,229,99
24182,雅新二,258,206
24183,雅新三,214,146
24191,仲琦一,120,102.5
24192,仲琦二,194,105
24193,仲琦三,152,99.05
24194,仲琦四,134.2,105
24212,建準二,155,99.5
24213,建準三,289,127.05
24241,隴華一,185,107
24261,鼎元一,147.95,108
24262,鼎元二,206,107
24263,鼎元三,207,103
24264,鼎元四,197,102.5
24265,鼎元五,196,102.5
24266,鼎元六,134.1,99
24267,鼎元七,136,101
24268,鼎元八,162,107
24271,三商電一,132,96.1
24281,興勤一,153,100.1
24282,興勤二,252,82.5
24283,興勤三,152,98.4
24341,統懋一,118.6,108
24342,統懋二,111,61.5
24361,偉詮電一,149,98.9
24371,旺詮一,140.5,100.5
24391,美律一,239,95.8
24392,美律二,130.8,99.15
24393,美律三,140.1,97
24394,美律四,117.65,100
24395,美律五,119.65,100.05
24401,太空一,150,77.6
24411,超豐一,203,97.35
24421,美齊一,109.2,78.2
24422,新美齊二,158,104.05
24423,新美齊三,112.5,91
24424,新美齊四,111.3,90.45
24441,友旺一,113,45.25
24442,友旺二,287,100.05
24461,全懋一,254,147
24471,鼎新一,201,99
24481,晶電一,194,107
24482,晶電二,185,118.5
24483,晶電三,119.9,86.4
24501,神腦一,120,96.85
24511,創見一,184,92.1
24551,全新一,160,95.1
24552,全新二,255,110.2
24553,全新三,269,133.1
24562,奇力新二,158,99
24563,奇力新三,124.9,81.55
24564,奇力新四,399,87
24565,奇力新五,236,99.8
24566,奇力新六,152,103
24571,飛宏一,113.7,86.1
24581,義隆一,156,102
24591,敦吉一,205,104.5
24601,建通一,158,100
24611,光群雷一,131.65,85
24612,光群雷二,201,103
24613,光群雷三,126,93.05
24614,光群雷四,128,101
24615,光群雷五,128,99.55
24616,光群雷六,182,103.5
24621,良得電一,252,97
24622,良得電二,142.3,104.2
24623,良得電三,142,101
24624,良得電四,135.3,99
24641,盟立一,203,99
24642,盟立二,148.55,89.7
24661,冠西一,116.5,93
24662,冠西電二,113,99.8
24663,冠西電三,120,99.75
24671,志聖一,220,107
24672,志聖二,242,115.5
24673,志聖三,244,121
24681,華經一,115.5,115
24692,力信二,170,94.35
24701,品佳一,122,100.2
24702,品佳二,130,94
24721,立隆電一,115,98.1
24722,立隆電二,203,99.5
24723,立隆電三,181,104.7
24741,可成一,264,97.6
24742,可成二,170,100.3
24761,鉅祥一,120.65,110.5
24762,鉅祥二,191,103.15
24781,大毅一,159,95
24792,和立二,111.55,88
24801,敦陽一,101,98
24811,強茂一,131,115
24812,強茂二,307,107
24813,強茂三,167,85
24814,強茂四,163,79.9
24815,強茂五,139.5,97
24816,強茂六,167,102.05
24817,強茂七,153,100
24821,連宇一,169,107
24822,連宇二,552,110.1
24841,希華一,199,94
24842,希華二,171,79
24843,希華三,150,73
24861,一詮一,129.45,100
24862,一詮二,133.05,90
24863,一詮三,180,53
24864,一詮四,104.8,78.5
24865,一詮五,108,92.5
24866,一詮六,220,96.5
24881,漢平一,132,105
24891,瑞軒二,228,87.45
24893,瑞軒三,157,76.2
24894,瑞軒四,109,98.6
24921,華新科一,128,96
24971,怡利一,177,100
24972,怡利電二,126.55,99.15
24981,宏達電一,229,152
24991,東貝一,190,110
24992,東貝二,193,85
24993,東貝三,120,92
25052,國揚二,197,107
25091,全坤一,236,101.5
25092,全坤二,129.5,101
25143,龍邦三,162,95.25
25151,中工一,107.5,100.9
25152,中工二,117,94.35
25201,冠德一,182,103
25281,皇普一,154,100.5
25282,皇普二,257,103
25283,皇普三,123.5,103
25284,皇普四,112.15,90.8
25301,大華建設一,107.2,96
25302,大華建設二,100,86.5
25303,華建三,98.9,91
25304,華建四,101.5,92.4
25352,達欣工二,127.95,99.5
25353,達欣工三,138.8,94.8
25354,達欣工四,146,97.7
25355,達欣工五,220,102.8
25362,宏普二,122,99.8
25372,聯開二,145,100
25373,聯開三,137,100.5
25374,聯開四,139,90.5
25375,聯上發五,102.55,91.5
25382,基泰二,130.1,104
25383,基泰三,116.5,98.2
25391,櫻花建一,260,102.25
25392,櫻花建二,161,91.05
25421,興富發一,278,104.6
25422,興富發二,263,105.45
25423,興富發三,208,95.7
25424,興富發四,415,107
25425,興富發五,141,102.1
25431,皇昌一,177,84.1
25432,皇昌二,124,85.7
25461,根基一,194,104.5
25472,日勝二,175,65.2
25473,日勝三,122.2,95
25474,日勝四,120,95
25481,華固一,181,100
25482,華固二,176,74.45
25483,華固三,108.45,96
25484,華固四,112,98
25961,綠意一,142,99.5
25962,綠意二,148,99.4
26011,益航一,108,100.5
26012,益航二,105.3,99.5
26031,長榮一,158,98.5
26032,長榮二,188,101
26033,長榮三,157,99.9
26034,長榮四,233,102.75
26091,陽明一,170,96.55
26092,陽明二,168,95.5
26093,陽明三,156,99
26094,陽明四,136.9,90
26095,陽明五,315,98.75
26102,華航二,132,99.5
26103,華航三,142.5,93.5
26104,華航四,144.5,91.5
26105,華航五,146.9,98.8
26106,華航六,250,92.1
26107,華航七,167,104
26131,中櫃一,110,100.9
26132,中櫃二,109.5,99
26143,東森三,131.75,86.5
26144,東森四,144.25,82
26161,山隆一,165,96.15
26162,山隆二,162,91
26163,山隆三,171,99.65
26181,長榮航一,206,104.6
26182,長榮航二    ,153,90.5
26183,長榮航三,174,93.35
26184,長榮航四,209,101.05
26185,長榮航五,221,109.2
26301,亞航一,129,97.5
26302,亞航二,390,97
26361,台驊投一,177,97
26362,台驊投二,159,99.7
26363,台驊投控三,115,99.6
26364,台驊投控四,750,106.2
26371,慧洋一KY,125.8,94
26372,慧洋二KY,123,99.35
26373,慧洋三KY,124.6,95.2
26401,大車隊一,121,99.5
26411,正德一,122,100
26412,正德二,121.25,98.05
26413,正德三,110,100.65
26414,正德四,104,93.65
26415,正德五,139.9,90.35
26416,正德六,150,100.7
26417,正德七,115.45,97.2
26418,正德八,119.5,100
27041,國賓一,129,82
27051,六福一,173,92
27071,晶華一,106.95,97
27072,晶華二,111.5,95.4
27241,富驛一,101.8,93.9
27261,雅茗一KY,250,110
27271,王品一,127.5,101.75
27291,瓦城一,112,93
27311,雄獅一,225,92
27312,雄獅二,218,96.8
27321,六角一,197,110
27322,六角二,258,110.55
27323,六角三,133,99.55
27324,六角四,110,103.1
27341,易飛網一,112,100.75
27431,山富一,109.95,101.05
27451,五福一,114.9,105.5
27481,雲品一,217,97
27531,八方雲集一,117,105.5
27532,八方雲集二,116.5,106.5
27551,揚秦一,171,100.3
27561,聯發國際一,139.95,100.5
28121,台中一,113.5,99.7
28381,聯邦一    ,122.5,93
28411,台開一,119,100.6
28471,大眾一    ,147,96
28541,寶來一    ,166,101.5
28551,統證一,109,83.1
28561,元富一,130,82.5
28851,元金一,121.4,99.55
28871,台新一,215,118
28881,新金1A,157,107
28882,新金1B,161,107
28883,新光金二,109.45,98.3
28884,新光金三,138.2,97.6
28885,新光金四,152,99.8
28886,新光金五,125.15,99.75
28887,新光金六,150,98.15
29031,遠百一,114,96.5
29051,三商一,119.3,96.5
29061,高林一,135,97.65
29081,特力二    ,239,187
29082,特力二,222,107
29111,麗嬰一,111,94.2
29131,農林一,167,99.5
29132,農林二,165,91.15
29151,潤全一,113,96.1
29241,東凌一,137,97.4
29242,東凌二KY,105.8,99.5
29243,東凌三KY,113.3,95
29371,集雅社一,121.25,99
30031,健和興一,218,98.8
30032,健和興二,204,97.5
30051,神基一,152,95
30052,神基二,199,95
30061,晶豪科一,264,95.4
30101,華立一,191,119
30102,華立二,105,97
30103,華立三,168,102
30111,今皓一,135,94.4
30112,今皓二,129.4,106.95
30121,廣輝一,115,79.95
30122,廣輝二,118.5,88
30131,晟銘電一,135,100
30132,晟銘電二,135,100
30133,晟銘電三,297,114
30134,晟銘電四,140,99.3
30161,嘉晶一,163,89
30162,嘉晶二,114.85,94.8
30163,嘉晶三,274,103.5
30164,嘉晶四,122.95,95.5
30165,嘉晶五,135.75,92
30171,奇鋐一,115,98.75
30181,同開一,336,103.05
30182,同開二,141.85,90.1
30183,同開三,216,101.5
30184,隆銘綠能四,125,99.65
30191,亞光一,235,115.35
30192,亞光二,157,99.5
30193,亞光三,110.5,96.2
30194,亞光四,110.5,96.1
30201,奇普二,125,90.1
30211,衛道一,112.9,36.9
30221,威達一,157,93
30232,信邦二,119.2,86.1
30233,信邦三,134.5,98
30234,信邦四,129,103
30235,信邦五,197,102.1
30236,信邦六,206,107.5
30237,信邦七,193,113.5
30238,信邦八,134.05,99.5
30241,憶聲一,186,104
30251,星通一,318,100
30261,禾伸一,181,104.6
30262,禾伸二,181,97
30263,禾伸三,114.5,98.2
30271,盛達一,113.5,95
30281,增你強一,118.6,100
30282,增你強二,153,86.5
30283,增你強三,132,85.2
30284,增你強四,154,102
30291,零壹一,174,101
30292,零壹二,154,94
30321,偉訓一,110,87
30322,偉訓二,108,87.2
30331,威健一,131,100
30332,威健二,173,102
30333,威健三,126,96
30334,威健四,140.25,102.8
30335,威健五,192,102.55
30336,威健六,150,95.5
30337,威健七,111,100
30341,聯詠一,0,0
30342,聯詠二,122,96.9
30362,文曄二,125,98
30363,文曄三,130.05,93
30364,文曄四,158,99
30365,文曄五,154,105.2
30366,文曄六,330,104
30371,欣興一,542,111.1
30381,全台一,233,122.1
30382,全台二,225,144.2
30383,全台三,141.5,89.9
30384,全台四,120,99.8
30391,宏傳一,102.4,102.4
30392,宏傳二,107,88.55
30401,遠見一,157,98.05
30411,揚智一,293,100.5
30421,晶技一,191,93.05
30422,晶技二,166,90
30423,晶技三,116.9,97
30424,晶技四,112.1,98
30425,晶技五,121.2,99.65
30431,科風一,278,101
30432,科風二,117.2,95.75
30451,台灣一,146,113
30452,台灣大二,182,106
30453,台灣大三,116.65,100.1
30454,台灣大四,102,97.6
30455,台灣大五,104.6,99.5
30471,訊舟一,109.4,92.2
30472,訊舟二,178,87.45
30473,訊舟三,192,102
30474,訊舟四,120,96.5
30475,訊舟五,153,102
30476,訊舟六,128.9,99.65
30477,訊舟七,368,106
30478,訊舟八,0,0
30481,益登一,128.1,99.85
30501,鈺德一,139,96
30511,力特一,348,125.55
30512,力特二,420,101.05
30541,萬國一,153,100
30542,萬國二,289,105.8
30543,萬國三,125.5,99.7
30551,蔚科一,114,95
30561,駿億一,100,99
30562,總太二,143.5,99.05
30571,喬鼎一,146,99.6
30581,立德一,148,98.5
30591,華晶一,160,98.15
30601,銘異一,153,96
30602,銘異二,232,106.1
30603,銘異三,226,95
30611,璨圓一,219,87
30612,璨圓二,228,107
30613,璨圓三,245,92.8
30614,璨圓四,115.7,97.5
30661,李洲一,215,101
30681,美磊一,119.5,92.6
30711,協禧一,144,101
30731,普格一,133,97.05
30732,普格二,132,86
30733,普格三,222,99.05
30791,宏億一,120,97
30851,久大一,167,105.7
30861,華義一,158,99.6
30881,艾訊一,129,104
30882,艾訊二,167,104.05
30891,展成一,103.45,80.5
30892,展成二,220,107
30901,日電一,188,99
30921,鴻碩一,213,99.85
30922,鴻碩二,116.6,94
30951,及成一,109.5,37.2
30952,及成二 ,180,96
30953,及成三,115.6,97.5
30954,及成四,129,103.6
30991,頂倫一 ,218,100
30992,頂倫二,151,90
31221,笙泉一,138,99.1
31222,笙泉二,144,92.05
31261,信億一,226,99.1
31281,昇銳一,121,99.8
31282,昇銳二,125,95.05
31311,弘塑一,203,106.8
31312,弘塑二,216,110.3
31351,凌航一,302,119.5
31381,耀登一,121.5,99.65
31382,耀登二,203,97.5
31411,晶宏一,489,111.1
31412,晶宏二,128.1,94.4
31413,晶宏三,130,95.9
31421,遠茂一,112,99.5
31441,新揚一,153,100
31442,新揚二,123,79
31491,正達一,106.5,96
31492,正達二,100.6,83
31493,正達三,137,99.7
31621,精確一,135,94
31622,精確二,166,102
31631,波若威一,402,107
31632,波若威二,193,101.5
31641,景岳一,136.95,100.1
31642,景岳二,130,96.15
31671,大量一,230,90
31672,大量二,504,113
31711,新洲一,113,101.5
31712,新洲二,123,99.85
31881,鑫龍騰一,125,100.4
31882,鑫龍騰二,106.9,91
32021,樺晟一,144,88.05
32022,樺晟二,115.6,98
32023,樺晟三,183,103.2
32024,樺晟四,134.4,100.6
32051,佰研一,1100,107
32052,佰研二,377,110
32071,耀勝一,155,97.6
32091,全科一,157,100
32092,全科二,115.45,91.05
32093,全科三,120.95,94.7
32094,全科四,150,96.2
32111,順達一,321,101
32141,元砷一,139,101.2
32171,優群一,119,98.5
32181,大學一,157,73.75
32241,三顧一,154,98
32242,三顧二,151,101.2
32243,三顧三,133,99.15
32291,晟鈦一,149.8,81.5
32301,錦明一,125.1,90
32302,錦明二,153,93.5
32341,光環一,120.5,100.65
32342,光環二,114.5,100
32361,千如一,170,93
32521,海灣一,159,24.2
32522,海灣二,231,100
32523,海灣三,130,100.45
32571,虹冠電一,129,92
32601,威剛一,200,107
32602,威剛二,130,91
32603,威剛三,297,106.75
32604,威剛四,163,101.75
32605,威剛五,172,96
32606,威剛六,191,107
32607,威剛七,224,109.1
32608,威剛八,219,110
32641,欣銓一,153,95.3
32681,海德威一,133.35,99.7
32711,其樂一,203,105
32712,其樂二,149.2,90
32721,東碩一,137.95,98
32722,東碩二,150,98
32723,東碩三,111.55,68.4
32841,太普一,114,98
32842,太普二,124.65,100.2
32843,太普高三,121,92.05
32881,點晶一,108.05,97
32891,宜特一,209,101.8
32892,宜特二,120.5,99.2
32893,宜特三,145.15,100.15
32894,宜特四,123,93.45
32895,宜特五,109,85.7
32901,東浦一,174,105.3
32902,東浦二,117.6,99.6
32903,東浦三,223,115.3
32941,英濟一,102,63.2
32942,英濟二,123,98.8
32961,勝德一,190,96
32991,帛漢一,108,89
32992,帛漢二,167,104
32993,帛漢三,122,98
32994,帛漢四,206,105
33031,岱稜一,124,83
33032,岱稜二,178,100
33033,岱稜三,213,103.05
33034,岱稜四,213,103
33035,岱稜五,113,95
33051,昇貿一,153,84.5
33052,昇貿二,117,95
33053,昇貿三,278,110.9
33054,昇貿四,268,105.9
33055,昇貿五,214,99.5
33081,聯德一,193,102.75
33082,聯德二,160,99.2
33101,佳穎一,489,107.8
33121,弘憶股一,139,92.05
33131,斐成一,117,32.9
33132,斐成二,126,99.3
33133,斐成三,134.9,100.8
33221,建舜一,135,99.7
33222,建舜電二,120.9,99.75
33223,建舜電三,199,110
33224,建舜電四,130,92
33225,建舜電五,111.25,94.1
33231,加百裕一,135.2,91.5
33232,加百裕二,108.3,82
33233,加百裕三,172,99
33241,雙鴻一,174,99.7
33242,雙鴻二,243,110
33243,雙鴻三,190,107.3
33244,雙鴻四,500,100.8
33245,雙鴻五,180,105
33246,雙鴻六,149,110.2
33247,雙鴻七,148.5,130
33251,旭品一,162,107
33252,旭品二,140,99.75
33253,旭品三,236,115.3
33381,泰碩一,118,98
33382,泰碩二,138,100
33391,泰谷一,148.7,45.1
33392,泰谷二,106,96
33393,泰谷三,109,96.85
33394,泰谷四,261,100
33461,麗清一,106.5,94.95
33462,麗清二,201,90
33463,麗清三,142,96.95
33464,麗清四,124.95,93
33465,麗清五,140.8,98.05
33466,麗清六,104.7,93.55
33561,奇偶一,138,99.4
33571,臺慶科一,185,100
33621,先進光一,129.9,98
33631,上詮一,186,107
33632,上詮二,200,96.5
33761,日興一,186,91.15
33762,日興二,155,99.6
33763,新日興三,151,110
33801,明泰一,159,84.5
33802,明泰二,141.2,99.15
33831,新世紀一,216,102.3
33832,新世紀二,223,90
33833,新世紀三,290,95
33834,新世紀四,129.5,88.5
33835,新世紀五,108,98
33881,崇越電一,189,101.5
33901,旭軟一,155,104.8
33902,旭軟二,135,105.1
34021,漢科一,121,45.9
34131,京鼎一,120,99
34132,京鼎二,243,105.1
34161,融程一,132,100.5
34162,融程電二,212,108
34163,融程電三,165,107.3
34191,譁裕一    ,145,94.5
34192,譁裕二,127.9,99.6
34311,長天一,141.3,68
34341,哲固一,219,107
34381,類比一,114.5,95
34382,類比二,129.5,102.05
34521,益通一,118.05,69
34522,益通二,151,83
34523,益通三,110,65
34541,晶睿一,237,102.4
34651,祥業一 ,179,107
34652,祥業二,111,99.65
34653,進泰電子三,125.8,98.9
34654,進泰電子四,107,97.1
34791,安勤一,140,104
34792,安勤二,135,93.1
34793,安勤三,123,100.5
34831,力致一,245,106.5
34832,力致二,169,91
34833,力致三,237,100
34834,力致四,154,100.25
34841,崧騰一,210,95.5
34842,崧騰二,135,99.3
34843,崧騰三,160,103.25
34891,森寶一,120,100
34901,單井一,172,131
34911,昇達科一,142.6,103.2
34912,昇達科二,175,110.75
34941,誠研一,144.5,83.4
34991,環天一,144,71
34992,環天二,110,88.5
35121,皇龍一,128,99.35
35141,昱晶一,127,85.95
35142,昱晶二,145.5,100
35161,亞帝歐一,120.1,97.1
35181,柏騰一,129.5,98
35191,綠能一,198,80.5
35211,鴻翊一,199,106
35221,御嵿一,159,102.1
35231,迎輝一,117.9,96.15
35261,凡甲一,150,99.2
35262,凡甲二,197,102
35263,凡甲三,130.55,100.5
35264,凡甲四,356,103.9
35265,凡甲五,213,99
35266,凡甲六,173,104
35267,凡甲七,140.1,105.05
35271,聚積一,231,110.5
35331,嘉澤一,167,112.8
35332,嘉澤二,211,110.2
35351,晶科一,113,98
35352,晶彩科二,128,100.5
35361,誠創一,142.9,99.5
35363,誠創三,127,98.85
35431,州巧一,145.5,116
35451,敦泰一,134.7,91
35481,兆利一,325,101.6
35482,兆利二,155,97.6
35483,兆利三,119.5,99.65
35511,世禾一,162,95
35512,世禾二,136,105.5
35513,世禾三,144,117.3
35521,同致一,149.2,99.2
35522,同致二,187,96
35523,同致三,545,102
35571,嘉威一,117,100.75
35641,其陽一,118,99.6
35642,其陽二,125,95
35761,新日光一,157,98
35762,新日光二,156,98.8
35763,聯合再生三,125.9,99.25
35791,尚志一,146,91
35801,友威科一,388,100.1
35802,友威科二,132,99.3
35831,辛耘一,243,99
35832,辛耘二,255,96
35841,介面一,117.5,87
35871,閎康一,174,103.05
35872,閎康二,192,122
35911,艾笛一,143.4,92
35912,艾笛二,140.8,99.5
35913,艾笛森三,159,104
35914,艾笛森四,127.6,98.75
35941,磐儀一,122.5,97
35942,磐儀二,118.55,97
35943,磐儀三,146,81.5
35961,智易一,167,100.5
35971,映興一,120,98.5
35981,奕力一,160,97
36051,宏致一,117,97
36052,宏致二,133,95
36053,宏致三,178,97
36071,谷崧一,150,101.3
36072,谷崧二,111.5,97.2
36091,東林一,115.5,99
36111,鼎翰一,107,98
36171,碩天一,112,99.5
36172,碩天二,179,111
36173,碩天三,115.5,99.85
36251,西勝一,366,106.5
36252,西勝二,114.45,92.05
36253,西勝三,168,99.05
36291,卓韋一,117.95,90.5
36311,晟楠一,160,99
36312,晟楠二,114.4,99.8
36313,晟楠三,123.1,99.85
36321,研勤一,132,93.15
36322,研勤二,115,99.7
36451,達邁一,162,94.5
36531,健策一,160,93
36532,健策二,196,103.5
36533,健策三,222,103
36534,健策四,236,108.5
36535,健策五,238,115
36621,樂陞一,212,107
36622,樂陞二,139,106
36623,樂陞三,149,94.5
36624,樂陞四,159,90
36625,樂陞五,133.1,128
36626,樂陞六,154,78.25
36631,鑫科一,138.5,99.05
36632,鑫科二,139.1,101.55
36633,鑫科三,420,114
36651,貿聯一,522,104.5
36652,貿聯二KY,180,100.75
36801,家登一,107,93.3
36802,家登二,273,109.35
36803,家登三,194,97
36804,家登四,168,104
36841,榮昌一,142,105.5
36871,歐買尬一,113.8,98
36872,歐買尬二,112.9,95.65
36873,歐買尬三,110,93.25
36891,湧德一,138.15,101.5
36892,湧德二,117,99.25
36893,湧德三,227,105.2
36894,湧德四,209,115
36911,碩禾一,126.85,99.8
36912,碩禾二,122,77
36913,碩禾三,127,94.65
36931,營邦一,117.05,99
36981,隆達一,141,93
36982,隆達二,113.1,94.9
37011,大眾控一,441,111.1
37012,大眾控二,128.9,96
37021,大聯大一,118.5,97
37022,大聯大二,132.8,93.5
37023,大聯大三,137,96.05
37063,神達三,115.5,98
37071,漢磊一,396,103.95
37072,漢磊二,610,109.75
37073,漢磊三,232,99.5
37074,漢磊四,190,93
37075,漢磊五,171,110.2
37081,上緯投控一,0,0
37082,上緯投控二,103.7,91.05
37083,上緯投控三,176,100.2
37084,上緯投控四,180,102.7
37101,連展投控一,175,101.5
37131,新晶投控一,126.5,100.5
37151,定穎一,161,111.1
37152,定穎投控二,145.5,130.15
37171,聯嘉投控一,135,104.55
41031,百略一,119,99
41041,東貿一,118.9,100
41042,佳醫二,170,107
41043,佳醫三,122.7,97.05
41044,佳醫四,117.95,98
41045,佳醫五,141.5,110
41051,東洋 一,145.35,105.3
41052,東洋二,250,98
41061,雃博一,111,100.95
41071,邦拓一,567,85
41072,邦特二,222,107
41091,加捷生醫一,164,104
41092,加捷生醫二,150,100.6
41093,加捷生醫三,120.25,100.25
41111,濟生一,144,103.1
41131,聯上一,179,106
41132,聯上二,144.8,89.05
41133,聯上三,118.55,96.5
41134,聯上四,120.5,91.55
41135,聯上五,116.8,100.7
41136,聯上六,99.95,89.05
41141,健喬一,477,100
41142,健喬二,166,98.05
41143,健喬三,202,98.5
41144,健喬四,206,149
41145,健喬五,124,100.6
41191,旭富一,192,102.2
41201,友華一,490,103.2
41202,友華二,176,88.1
41211,優盛一,112,83
41212,優盛二,180,97.3
41231,晟德一,399,98.5
41232,晟德二,276,100.05
41233,晟德三,203,93.4
41234,晟德四,117,99
41235,晟德五,118.05,96.2
41236,晟德六,139.9,104.1
41237,晟德七,136.75,97
41261,太醫一,153,107
41262,太醫二,398,107
41281,中天一,141.2,102
41291,聯骨一,207,101.55
41292,聯合二,113.5,98.15
41293,聯合三,105.15,95
41294,聯合四,176,107.8
41295,聯合五,130.5,106
41301,健亞一,111.5,90.5
41311,晶宇一,527,93
41371,麗豐一KY,131.5,98
41372,麗豐二KY,106.5,97.05
41381,曜亞一,111.9,95
41382,曜亞二,127.3,99.75
41411,龍燈一KY,125,92.5
41412,龍燈二KY,112.5,99.7
41413,龍燈三KY,104.9,95
41414,龍燈四KY,189,103.1
41415,龍燈五KY,188,78
41421,國光生一,365,105
41422,國光生二,364,104.15
41481,全宇生技一KY,104.5,91
41531,鈺緯一,356,114.45
41532,鈺緯二,160,99.6
41551,訊映一,140.05,99.7
41552,訊映二,199,108.1
41553,訊映三,158,95
41611,聿新科一,233,101
41631,鐿鈦一,115,98
41641,承業醫一,118.5,100
41642,承業醫二,120.5,99.6
41643,承業醫三,134.1,99.7
41644,承業醫四,153,102.1
41645,承業醫五,121.3,102
41671,展旺一,125,99.9
41672,松瑞藥二,157,100.15
41681,醣聯一,168,107
41682,醣聯二,199,100.35
41683,醣聯三,168,98.8
41684,醣聯四,128,108
41711,瑞基一,137,100.8
41712,瑞基二,159,99.6
41751,杏一一,117,100.05
41752,杏一二,236,100
41901,佐登一KY,121,98
41902,佐登二KY,122.5,94.15
41903,佐登三KY,104,88.6
42071,環泰一,171,97
42072,環泰二,228,102.5
43031,信立一,227,96.1
43061,炎洲一,153,91.15
43062,炎洲二,184,96
43063,炎洲三,177,86
43064,炎洲四,181,71
43065,炎洲五,152,103
43066,炎洲六,110.1,94.35
43067,炎洲七,127.95,99.6
43068,炎洲八,190,101.05
43069,炎洲九,190,101.9
44021,福大一,127,100.9
44141,如興一,167,105.95
44142,如興二,126,97.25
44143,如興三,174,98.7
44144,如興四,163,101.75
44161,三圓一,108,99.05
44162,三圓二,136,99.9
44163,三圓三,144.8,99.05
44301,耀億一,138,99
44331,興采一,199,95.65
44332,興采二,111.7,98.5
44381,廣越一,114.25,97.95
44382,廣越二,108.8,98.7
44383,廣越三,117,100.55
44391,冠星一KY,108.65,92.85
44421,竣邦一KY,148,96
45101,高鋒一,120,71.1
45102,高鋒二,121.6,90
45231,永彰一,110.5,97.1
45261,東台一,230,107
45271,方霖一,132.6,100
45272,方霖二,149,98.15
45321,瑞智一    ,244,106
45322,瑞智二,142,96.5
45331,協易一,149.5,82
45341,三林一,105,91.5
45342,慶騰二,185,99
45343,慶騰三,260,99.65
45381,大詠城一,146.6,97.5
45401,全球傳動一,166,99.65
45402,全球傳動二,176,99.3
45411,晟田一,113,99.6
45412,晟田二,109.45,98
45413,晟田三,123,102.5
45414,晟田四,124.5,90.05
45421,科嶠一,233,90
45491,桓達一,141,99.5
45501,長佳一,125.4,99.9
45511,智伸科一,132.8,96
45551,氣立一,109.55,95.05
45552,氣立二,128,99.65
45553,氣立三,118.75,99.2
45554,氣立四,123.5,100
45561,旭然一,113.2,99.8
45562,旭然二,104.15,92
45581,寶緯一,105,100
45601,強信一KY,156,99.65
45631,百德一,102.5,90.15
45641,元翎一,113,91.8
45661,時碩工業一,270,99.5
45662,時碩工業二,264,105
45663,時碩工業三,223,106
45691,六方科一KY,128.05,95
45721,駐龍一,121,103.05
45801,捷流閥業一,130,99.5
45811,光隆精密一KY,107.05,94.1
45881,玖鼎電力一,0,0
47031,揚華一,105,21.75
47141,永捷一,131.15,100.9
47142,永捷二,129.8,98
47143,永捷三,179,103.5
47144,永捷四,165,96.6
47145,永捷五,123.1,101.5
47146,永捷六,180,100.2
47147,永捷七,206,100
47161,大立一    ,113.5,78.5
47162,大立二,115.5,99.8
47201,德淵一,118,99.85
47202,德淵二,175,100
47203,德淵三,152,92
47211,美琪一,128.5,96.5
47221,國精一,136.4,97.05
47222,國精二,161,100.3
47223,國精化三,157,122.75
47291,熒茂一,110,99.3
47331,上緯一,750,107
47332,上緯二,132,97.5
47351,豪展一,219,105.5
47352,豪展二,233,99
47361,泰博一,171,107
47362,泰博二,195,100
47363,泰博三,238,111
47371,華廣一,108,94.8
47391,康普一,343,104.35
47392,康普二,273,102
47393,康普三,161,98.05
47394,康普四,160,110.45
47441,皇將一,138,99.45
47442,皇將二,172,100.35
47451,合富一KY,144.4,97.8
47461,台耀一,176,98.85
47462,台耀二,140.5,91.5
47463,台耀三,175,93.25
47471,強生一,173,100.85
47601,勤凱一,213,101
47631,材料一KY,125,99
47632,材料二KY,1035,99.1
47633,材料三KY,601,100
47641,雙鍵一,131.9,99.75
47721,台特化一,143,111.1
48031,VHQ一KY,145,94
48032,VHQ二KY,101.65,20.05
48041,大略一KY,102.45,87.9
48061,昇華一,130,95
48062,昇華二,129.5,61.25
48071,日成一KY,106.95,95
49031,聯光一,138,101
49061,正文一    ,210,108.6
49062,正文二,170,96
49063,正文三,133.3,93.7
49064,正文四,190,102
49065,正文五,139,98.5
49066,正文六,163,100.25
49091,復興一,153,107
49092,復興二,195,100
49093,復興三,148,87.2
49094,復興四,144,94.5
49101,陽慶一,114,38
49121,聯控一,183,107
49122,聯德控股二KY,126,97.2
49123,聯德控股三KY,210,110
49124,聯德控股四KY,118.5,92
49161,事欣科一,186,98.5
49162,事欣科二,128.7,77.05
49163,事欣科三,215,93.2
49164,事欣科四,199,99.55
49165,事欣科五,169,99
49191,新唐一,450,97
49231,力士一,123.45,96.3
49241,欣厚一,127.2,92.2
49271,泰鼎一,142.6,103
49272,泰鼎二KY,163,95.6
49273,泰鼎三KY,221,105.55
49331,友輝一,116,97
49391,亞電一,134,99.7
49392,亞電二,147.2,101.5
49431,康控一KY,180,97.3
49441,兆遠一,148,90
49561,光鋐一,100.8,93.1
49671,十銓一,184,107
49672,十銓二,187,105
49673,十銓三,214,114
49674,十銓四,207,130
49681,立積一,208,99.55
49711,英特一,195,105
49712,IET二KY,302,104
49741,亞泰一,168,100.1
49742,亞泰二,123,98.55
49771,眾達一KY,174,107.05
49791,華星光一,112,98
49792,華星光二,125,86
49793,華星光三,391,101.5
49794,華星光四,333,99
49911,環宇一KY,177,106
49912,環宇二KY,171,101
49951,晶達一,148.6,100.25
50091,榮剛一,304,95
50092,榮剛二,139.5,90
50093,榮剛三,183,108
50094,榮剛四,142.3,99.6
50095,榮剛五,145,98.7
50096,榮剛六,186,97
50097,榮剛七,119.7,97.45
50111,久陽一,118,98
50112,久陽二,253,101
50113,久陽三,237,85
50114,久陽四,112.7,90
50141,建錩一,185,78.05
50151,華祺一,123,95
52011,凱衛一,134,108
52031,訊連一,230,106
52041,得捷一,100,38.15
52071,飛雅一,115,83.75
52091,新鼎一,128.2,93.5
52111,蒙恬一,201,100.5
52121,凌網一,109,93.9
52131,捷鴻一,176,98
52132,亞昕二,144,101
52133,亞昕三,108,98.3
52134,亞昕四,104.5,99.1
52135,亞昕五,122.5,101
52136,亞昕六,180,104.2
52137,亞昕七,448,102
52151,科嘉一KY,115,99.55
52231,安力一KY,157,95.5
52251,東科一KY,456,104.1
52301,雷笛克光學一,138.9,100.75
52302,雷笛克光學二,125,99.6
52303,雷笛克光學三,197,102
52441,弘凱一,123,94.7
52451,智晶一,122,99.05
52452,智晶二,104.45,87.3
52551,美桀一,260,100
52591,清惠一,120,94
52631,智崴一,822,107
52632,智崴二,629,103.3
52633,智崴三,195,100.25
52634,智崴四,193,99.9
52635,智崴五,181,101
52811,大峽谷一KY,101.75,81
52841,jpp一KY,144,102.5
52842,jpp二KY,124.85,87
52843,jpp三KY,202,95.05
52851,界霖一,260,93
52852,界霖二,177,98.1
52881,豐祥一KY,170,96
52891,宜鼎一,192,103.2
52911,邑昇一,238,108
53061,訊康一,115.05,100
53063,桂盟三,129,99.6
53064,桂盟四,129,98.5
53091,系統電一,182,107
53092,系統電二,155,99.6
53093,系統電三,139.05,99.15
53094,系統電四,138.95,99.75
53095,系統電五,212,97.8
53096,系統電六,125.5,106.5
53097,系統電七,129.5,110.3
53101,天剛一,114.15,60
53151,光聯一,105,99
53152,光聯二,133,97
53153,光聯三,115,101.5
53211,美而快一,107.2,93
53281,華容一,154,124
53282,華容二,173,100
53451,天揚一,127.8,59
53461,力晶一,119.8,27.2
53462,力晶二,121,28.5
53491,旭展一,114,59
53511,鈺創一,156,118.1
53512,鈺創二,110,96.5
53513,鈺創三,113.5,90
53551,佳總一,645,99
53552,佳總二,300,105.2
53553,佳總三,230,105.1
53711,中光一,239,106.95
53811,合正一,132.65,85
53812,合正二,211,95.2
53813,合正三,155,91.8
53861,青雲一,110.05,101
53882,中磊二,170,115
53883,中磊三,316,107
53884,中磊四,210,97.9
53885,中磊五,200,97.7
53886,中磊六,150,99.6
53887,中磊七,120,99.5
53921,應華一,164,84.3
53922,應華二,118.8,96.5
53923,應華三,196,106.8
53924,應華四,132.9,98
54031,中菲一    ,123.05,100
54252,台半二,187,107
54253,台半三,377,107
54254,台半四,125,73.5
54255,台半五,150,99.5
54261,振發一    ,285,100
54341,崇越一,277,100
54342,崇越二,232,104.1
54391,高技一,162,117
54421,世峰一,108,32.5
54422,世峰二,193,123.95
54501,南良一,134,101.2
54521,佶優一,133.5,99.8
54551,訊利一,121.3,90
54552,訊利二,118,97.2
54571,宣德一,139.6,70
54572,宣德二,121,97.9
54573,宣德三,114.25,85.65
54641,霖宏一,152,101.1
54661,泰林一,229,103
54662,泰林二,169,100
54691,博德一,104.8,93.05
54731,矽成一,124,83
54751,德宏一,257,83.2
54752,德宏二,160,98
54753,德宏三,124,99.3
54754,德宏四,118,102.6
54755,德宏五,113.5,101.1
54756,德宏六,113.5,101.1
54757,德宏七,141,101.55
54758,德宏八,110,100.4
54759,德宏九,156,100.5
54781,智冠一,193,107.55
54901,同亨ㄧ,136,92.05
54911,連展一,143,68
54912,連展二,153,94.1
54913,連展三,151,98.55
54931,三聯一,160,94.9
54981,凱威一,192,100.5
54982,凱崴二,128.9,100
54983,凱崴三,110,94
55051,和旺一,309,93
55052,和旺二,124,99
55121,力麒一,189,96.6
55122,力麒二,185,55
55123,力麒三,165,102
55124,力麒四,116,90
55191,隆大一,105.2,99.75
55192,隆大二,104,93
55193,隆大三,159,105
55194,隆大四,159,103.3
55221,遠雄一,244,99.5
55222,遠雄二,218,100
55223,遠雄三,114,89
55224,遠雄四,114,75
55225,遠雄五,108.5,97
55226,遠雄六,105,95
55231,宏都一,137.2,56
55291,志嘉一,105,97
55341,長虹一,503,102.7
55342,長虹二,585,94.5
55343,長虹三,190,97
55344,長虹四,128.5,102.15
55361,聖暉一,202,108
55381,東明一KY,115.5,95
55431,桓鼎一KY,123,99.6
55432,桓鼎二KY,112.1,99.85
55433,桓鼎三KY,102,101
55434,桓鼎四KY,107,93
55461,永固一KY,111,88
56031,陸海一,113.4,95.5
56081,四維一,280,103.5
56082,四維航二,302,107
56083,四維航三,114.45,95
56084,四維航四,105,98
56085,四維航五,101.6,94.5
56086,四維航六,128,99.1
56087,四維航七,125,101
58201,日盛一,113,92
58711,中租一KY,113.1,94.05
59041,寶雅一,168,100
59051,南仁1A,242,106.7
59052,南仁1B,176,103
59053,南仁湖二 ,150,60
59054,南仁湖三,127.3,100
59055,南仁湖四,200,100
60042,元京證二,204,115
60151,宏遠證一,133.6,92.7
60152,宏遠證二,149.9,97.6
60161,康和一,211,98
60221,大眾證一,171,86.5
61011,寬魚國際一,118,106.5
61012,寬魚國際二,101,93.4
61041,創惟一,146,97
61051,瑞傳一,136,115
61052,瑞傳二,158,100.5
61053,瑞傳三,152,105
61071,華美一,130.9,99.2
61081,競國一,173,107
61082,競國二,305,64.85
61083,競國三,114,90
61101,艾群一,110.9,78.5
61102,艾群二,110,73
61111,大資資一,129,101.05
61112,大宇資二,110.95,91.9
61121,聚碩一,110.5,97.5
61141,翔昇一,128.9,100.05
61151,鎰勝一,166,102
61152,鎰勝二,216,86.5
61153,鎰勝三,175,100
61171,迎廣一,174,98.1
61172,迎廣二,129,95.5
61181,建達一,265,86
61182,建達二,112.1,80
61191,大傳一,142,90.25
61192,大傳二,106,82
61201,輔祥一,245,94
61202,輔祥二,235,94
61203,輔祥三,176,61.5
61204,輔祥四,104,98
61211,新普一,198,126
61221,擎邦一,228,88
61222,擎邦二,185,98
61231,上奇一,110,84
61232,上奇二,114,95
61251,廣運一,210,160
61252,廣運二,159,72.7
61253,廣運三,135.9,84.5
61254,廣運四,136,98.5
61255,廣運五,125,94.85
61261,信音一,210,95
61262,信音二,172,109.9
61263,信音三,152,99.6
61271,九豪一,105,100
61272,九豪二,107.5,100
61273,九豪三,148,98
61274,九豪四,160,100
61291,普誠一,123.5,100
61311,悠克一,230,150
61312,悠克二,199,102
61321,銳普一,182,63
61331,金橋一,187,93
61332,金橋二,153,88
61341,萬旭一,128,99.7
61342,萬旭二,205,102.5
61351,佳營一,114.55,58.5
61361,富爾一,141.9,96
61362,富爾二,109.5,89.5
61381,茂達一,428,99.5
61391,亞翔一,251,181
61392,亞翔二,116,99.55
61393,亞翔三,220,99.95
61394,亞翔四,385,110
61411,柏承一,148.4,102.5
61412,柏承二,246,92
61421,友勁一,131.95,80
61451,勁永一,166,56.35
61461,耕興一,140,94
61462,耕興二,150,103
61471,頎邦一,219,91
61472,頎邦二,228,89
61501,撼訊一,162,150
61502,撼訊二,112,75.15
61503,撼訊三,116,95
61504,撼訊四,170,105.3
61505,撼訊五,147,92
61506,撼訊六,117,93
61521,百一一,307,127
61522,百一二,153,93
61531,嘉聯一,252,143
61532,嘉聯益二,124,90
61533,嘉聯益三,106,95
61534,嘉聯益四,100,92.5
61551,鈞寶一,202,114
61552,鈞寶二,170,114
61561,科橋一,126.9,101.15
61562,松上二,119,99.5
61563,松上三,115,99.5
61564,松上四,189,95.5
61581,禾昌一,278,100
61591,詮鼎一,200,106
61592,詮鼎二,162,67.2
61593,詮鼎三,114,82.8
61611,捷波一,113.35,82
61612,捷波二,205,70.8
61613,捷波三,123.2,99.5
61621,鴻源一,185,81.85
61632,華電網二,136,104.1
61633,華電網三,145.5,107
61634,華電網四,170,98
61635,華電網五,291,100.15
61641,華興一,172,85
61642,華興二,136.2,96
61661,凌華一,230,128
61671,久正一,176,65
61681,宏齊一,180,100.5
61682,宏齊二,155,89.6
61683,宏齊三,127,92.1
61684,宏齊四,110.3,98.7
61701,統振一,140,88
61702,統振二,119,99
61703,統振三,116.9,99.2
61721,互億一,199,155
61731,信昌一,233,90.1
61732,互億二,114.45,97
61741,安碁一,121,81
61742,安碁二,99,72.75
61751,立敦一,103.45,93.6
61752,立敦二,116.75,98
61753,立敦三,201,99
61754,立敦四,133.5,99.85
61761,瑞儀一,106.55,97.9
61771,十全一,165,102.3
61772,達麗二,224,100.05
61773,達麗三,255,107
61774,達麗四,207,107
61775,達麗五,292,107
61776,達麗六,298,107
61777,達麗七,122.05,100.5
61781,振遠一,173,97
61782,振遠二,142,77.85
61791,亞通一,129,101
61792,亞通二,133,102
61793,亞通三,118,95.1
61794,亞通四,127.9,94.65
61801,橘子一,300,100.2
61811,宇銓一,139.2,98
61821,合晶一,272,100
61822,合晶二,428,105.5
61823,合晶三,427,100.5
61824,合晶四,117.1,81.75
61825,合晶五,225,97.1
61826,合晶六,308,110
61827,合晶七,154,91
61828,合晶八,144.95,85
61841,大豐電一,113.2,100
61842,大豐電二,105.3,99.4
61843,大豐電三,120.3,98
61851,幃翔一,124,93
61861,晶磊一,190,96.35
61862,晶磊二,110,89.9
61871,萬潤一,245,112
61872,萬潤二,145.2,91
61873,萬潤三,111.5,80
61874,萬潤四,467,98
61875,萬潤五,510,102.5
61891,豐藝一,178,97
61892,豐藝二,166,97.8
61893,豐藝三,152,99.6
61894,豐藝四,195,109.65
61901,萬泰科一,147.5,94.05
61902,萬泰科二,119,81
61903,萬泰科三,111,94.5
61904,萬泰科四,161,100
61905,萬泰科五,185,103
61906,萬泰科六,166,96.1
61907,萬泰科七,178,109
61911,精成一,109.4,94
61931,洪氏一,136,98
61941,育富一,118.6,95
61952,詩肯二,155,100
61961,帆宣一,133.5,99
61962,帆宣二,118,93
61963,帆宣三,300,104
61964,帆宣四,174,108
61965,帆宣五,250,106.1
61971,佳必琪一,371,100
61972,佳必琪二,108.95,95.55
61973,佳必琪三,149.6,101.75
61981,凌泰一,195,93.2
61991,精威一,162,98.8
61992,精威二,141.8,90.5
61993,天品三,130.15,111.7
61994,天品四,109.75,90.2
62031,海韻電一,137,93.1
62051,詮欣一,140.25,99
62052,詮欣二,126,92
62053,詮欣三,287,107.5
62061,飛捷一,121,101.1
62062,飛捷二,282,99.65
62071,雷科一,192,115.15
62072,雷科二,125,95
62073,雷科三,126,94
62074,雷科四,109.95,99
62075,雷科五,131,106
62076,雷科六,132.95,106.65
62081,日揚一,192,138
62082,日揚二,130,100
62083,日揚三,178,103
62091,今國光一,207,107
62092,今國光二,129,99.75
62093,今國光三,206,118
62131,聯茂一,268,121
62132,聯茂二,171,99
62133,聯茂三,182,100.5
62134,聯茂四,197,107
62135,聯茂五,231,104
62151,和椿一,465,101
62152,和椿二,114.45,100
62161,居易一,375,222
62171,中探針一,250,107
62172,中探針二,123,99.5
62173,中探針三,150,100.2
62174,中探針四,173,106
62191,富旺一,121,99.25
62192,富旺二,120.4,99.5
62193,富旺三,103,92.25
62194,富旺四,118.45,103.15
62201,岳豐一,205,100
62202,岳豐二,113,77
62203,岳豐三,152,99
62204,岳豐四,160,100.6
62205,岳豐五,121.1,92
62206,岳豐六,155,102.5
62207,岳豐七,329,94.8
62208,岳豐八,121,88.3
62209,岳豐九,146.95,80
62211,晉泰一,108,84
62221,上揚一,165,85.5
62231,旺矽一,199,107
62232,旺矽二,190,90
62233,旺矽三,133.2,97
62234,旺矽四,258,93.5
62235,旺矽五,264,96.5
62241,聚鼎一,184,99.2
62251,天瀚一,185,84
62261,光鼎一,217,100
62262,光鼎二,169,107
62263,光鼎三,120,100.8
62264,光鼎四,127.8,100.7
62271,茂綸一,114,86.1
62281,全譜一,142.05,65.5
62301,超眾一,184,114.45
62321,仕欽一,189,55.8
62331,旺玖一,282,114.45
62332,旺玖二,268,107
62341,高僑一,510,139
62342,高僑二,128,100
62371,驊訊一,119,88
62381,巨圖一,121,99.8
62382,勝麗二,508,108
62383,勝麗三,625,107.1
62384,勝麗四,583,98
62421,聯豪一,190,100
62431,迅杰一,222,92
62432,迅杰二,439,107
62433,迅杰三,112.9,90
62441,茂迪一,2750,107
62451,立端一,191,100
62452,立端二,132,99
62481,沛波一,128.5,83
62482,沛波二,125,101.1
62483,沛波三,117,94
62484,沛波四,158,96.6
62511,定穎一,107,80.5
62512,定穎二,125.45,100
62551,奈普一,111,83
62571,矽格一,153,102
62572,矽格二,166,101.65
62573,矽格三,205,103
62574,矽格四,151,102
62591,百徽一,116.7,94
62592,百徽二,293,100.2
62611,久元一,181,87
62612,久元二,163,101.65
62613,久元三,127.4,98.15
62641,富裔一,113.9,99.55
62651,方昶一,201,97.5
62652,方昶二    ,150,95.3
62661,泰詠一,172,100
62662,泰詠二,126.1,93.05
62691,台郡一,141,98
62692,台郡二,276,107
62693,台郡三,230,100
62694,台郡四,203,104.5
62695,台郡五,114.85,92.5
62696,台郡六,111.75,95
62701,倍微一,150,99
62711,同欣電一,111.95,97.25
62741,台燿一,159,94
62742,台燿二,164,103.2
62743,台燿三,153,98.05
62744,台燿四,225,101.55
62745,台燿五,277,118.8
62751,元山一,285,99
62752,元山二,128,100.6
62753,元山三,122,84
62754,元山四,141.7,102
62755,元山五,184,107.25
62756,元山六,269,102.5
62761,名鐘一,162,50
62791,胡連一,146,99.6
62821,康舒一,164,96.55
62822,康舒二,143,95.5
62831,淳安一,122,88
62832,淳安二,121.5,99.8
62841,佳邦一,130,100
62842,佳邦二,184,100.2
62843,佳邦三,133.5,100.05
62851,啟碁一,103,93.65
62852,啟碁二,127.6,101
62853,啟碁三,251,100.3
62871,元隆一,171,81.45
62872,元隆二,111.1,100.45
62873,元隆三,110,101.5
62874,元隆四,118,99.5
62875,元隆五,105.4,97
62881,聯嘉一,146,99.6
62882,聯嘉二,114.3,97.05
62883,聯嘉三,167,100
62884,聯嘉四,118.5,99.8
62891,華上一,197,91
62892,華上二,147.9,19.8
62901,良維一,165,106
62902,良維二,166,105
62903,良維三,255,97.7
62904,良維四,252,71
62905,良維五,154,102
62906,良維六,164,93.5
62907,良維七,285,109.1
62908,良維八,298,107.05
62909,良維九,208,108.2
64141,樺漢一,191,103.6
64142,樺漢二,129,93.5
64143,樺漢三,150,93
64144,樺漢四,185,105.5
64145,樺漢五,130,102
64161,瑞祺電通一,177,101.25
64221,君耀一KY,126.5,98.95
64251,易發一,162,108.1
64261,統新一,115,92
64321,今展科一,170,99.65
64322,今展科二,200,110
64323,今展科三,136,99.85
64324,今展科四,140,100
64381,迅得一,194,102
64382,迅得二,239,110.55
64411,廣錠一,289,105.3
64412,廣錠二,282,106.5
64413,廣錠三,129,99.4
64414,廣錠四,129,99.4
64415,廣錠五,125,94.5
64421,光聖一,223,97
64422,光聖二,228,110.55
64423,光聖三,231,135
64491,鈺邦一,223,99.85
64492,鈺邦二,134,96
64511,訊芯一KY,115,94
64512,訊芯二KY,212,86.5
64651,威潤一,123,99.5
64691,大樹一,237,100.05
64692,大樹二,155,99.35
64693,大樹三,118.5,99.5
64721,保瑞一,220,100.2
64722,保瑞二,355,104
64723,保瑞三,161,102
64724,保瑞四,108.75,102.25
64725,保瑞五,107.8,104.5
64771,安集一,323,91
64772,安集二,176,99.75
64773,安集三,147,93.05
64774,安集四,113,94
64775,安集五,98.7,92.05
64861,互動一,132.2,99.55
64862,互動二,175,108.2
64961,科懋一,114,99.7
65092,聚和二,146,101.5
65093,聚和三,145,92.5
65094,聚和四,119,99.9
65095,聚和五,145,98
65096,聚和六,133,99.95
65101,精測一,217,128.5
65151,穎崴一,165,118
65152,穎崴二,310,138
65321,瑞耘一,200,101.95
65331,晶心科一,113.25,85.85
65381,倉和一,101,87.1
65461,正基一,155,92.1
65471,高端疫苗一,100.45,86.75
65472,高端疫苗二,157,115.4
65481,長科一,148,120
65521,易華電一,123.5,98.05
65581,興能高一,111.8,91.5
65701,維田一,185,103.85
65731,虹揚一KY,105,77.5
65761,逸達一,123,105
65781,達邦蛋白一,202,102.5
65791,研揚一,138.1,96
65841,南俊國際一,469,101
65842,南俊國際二,428,98
65851,鼎基一,192,100.05
65852,鼎基二,191,100.5
65891,台康生技一,313,109.8
65911,動力一KY,182,95.2
65912,動力二KY,127,96.3
65913,動力三KY,195,94.6
65914,動力四KY,124,94.2
65931,台灣銘板一,496,113.5
66031,富鑫一,113,87.2
66032,富強鑫二,167,103.5
66033,富強鑫三,136.25,98.05
66051,帝寶一,192,97
66131,朋億一,281,105.1
66161,特昇一KY,104,85
66162,特昇二KY,120.5,95
66163,特昇三KY,119.35,93.5
66241,萬年清一,173,101.35
66291,泰金一KY,126,97.1
66292,泰金二KY,129,96
66411,基士德一KY,109.8,93
66451,金萬林一創,112.6,101.4
66541,天正國際一,122.5,98
66551,科定一,440,110.65
66641,群翊一,403,102
66642,群翊二,167,95.55
66681,中揚光一,125.8,99.75
66682,中揚光二,125,97.4
66683,中揚光三,131.5,93.3
66701,復盛應用一,217,103.2
66702,復盛應用二,121,109
66721,騰輝一KY,244,101
66722,騰輝二KY,246,100
66801,鑫創電子一,143.9,105
67021,興航一,127.75,31.5
67061,惠特一,158,98.4
67062,惠特二,115.95,88.05
67151,嘉基一,186,106.8
67152,嘉基二,294,97.5
67271,亞泰金屬一,199,112.2
67531,龍德造船一,180,101
67611,穩得一,140,99.95
67681,志強一KY,172,101.05
67711,平和環保一創,118,103.25
67961,晉弘一,119.8,93
67962,晉弘二,105.5,90.55
68031,崑鼎一,171,93
68041,明係一,111,93.75
68061,森崴能源一,167,96.7
68211,聯寶一,155,100.55
68231,濾能一,120,98.05
68301,汎銓一,589,99.85
68351,圓裕一,113.8,94.5
68401,東研信超一,130.5,88.5
68431,進典一,115,100.65
68461,綠茵一,106.9,92.9
68462,綠茵二,107.45,94
68541,錼創科技-KY創一,120.5,100.05
68621,三集瑞一KY,129.3,103
68631,永道一KY,117.3,89.05
68691,雲豹能源一,365,106.6
68701,騰雲一,113.7,93
68702,騰雲二,118.5,94.5
68731,泓德能源一,262,104.1
68732,泓德能源二,114,76.15
68741,倍力一,111,95.2
68901,來億一KY,124.55,92.75
68902,來億二KY,117.6,90.8
68941,衛司特一,181,112.2
69041,伯鑫一,105,99.9
69131,鴻呈一,141,111
69571,裕慶一KY,122.5,100.3
69821,大井泵浦一,119.5,94
69822,大井泵浦二,120,92.25
74021,邑錡一,316,101.45
74022,邑錡二,168,121
75561,意德士一,180,102
75562,意德士二,186,104.35
77131,威力德一,107.5,100.5
80111,台通一,178,99.2
80112,台通二,154,105.1
80113,台通三,156,105.5
80114,台通四,178,99.65
80161,矽創一,190,99.5
80211,尖點一,115,108.3
80212,尖點二,238,126
80271,鈦昇一,259,107
80272,鈦昇二,243,103
80273,鈦昇三,265,101
80281,昇陽半導體一,120.8,96.9
80282,昇陽半導體二,181,94
80341,榮群一,169,90
80381,長園科一,145,100
80391,台虹一,188,97.5
80392,台虹二,126.2,97.7
80421,金山電一,321,100
80422,金山電二,116,94
80423,金山電三,210,98.05
80424,金山電四,195,101.5
80425,金山電五,109.45,89
80426,金山電六,140.5,103
80431,蜜望實一,158,86
80441,網家一,142,98.8
80491,晶采一,248,90.5
80492,晶采二,120,40
80493,晶采三,134.7,97.5
80501,廣積一,203,100
80502,廣積二,167,100.5
80503,廣積三,212,102
80504,廣積四,158,107
80505,廣積五,200,103
80506,廣積六,158,96
80661,來思達一,110.5,99.5
80671,志旭一,182,93
80691,元太一,300,90.25
80692,元太二,202,93
80701,長華一,260,98
80702,長華二,120.5,99.1
80703,長華三,115.95,98.4
80704,長華四,188,108.95
80705,長華五,163,105
80711,豐聲一,116,88
80741,鉅橡一,189,88
80742,鉅橡二,116,79.5
80743,鉅橡三,327,108
80744,鉅橡四,318,110
80745,鉅橡五,187,105.2
80761,伍豐一,385,100
80762,伍豐二,348,107
80763,伍豐三,477,107
80764,伍豐四,128,99.7
80771,冠華一,128,73
80791,誠遠一,163,99
80792,誠遠二,163,86.5
80821,捷超一,256,117
80822,捷超二,147.5,100
80823,捷超三,139,82
80841,巨虹一,128,102.9
80851,福華一,245,84.1
80852,福華二,100,77
80871,華鎂一,112.5,100
80872,麗升能源二,107,91.1
80881,品安一,269,265
80882,品安二,151,100
80911,翔名一,187,105
80912,翔名二,151,100.95
80913,翔名三,146,100.2
80914,翔名四,154,102
80921,建暐一,103.5,98
80922,建暐二,225,100.5
80923,建暐三,147,106.6
80924,建暐四,230,110.55
80961,擎亞一,157,92
80971,鴻松一,157,101.6
80972,常珵二,381,112.2
81011,華冠一,143,53
81031,瀚荃一,232,99
81032,瀚荃二,188,97.8
81033,瀚荃三,207,96
81034,瀚荃四,219,99.5
81041,錸寶一,192,97
81042,錸寶二,119,90
81051,凌巨一,161,94.5
81052,凌巨二,103.8,81.45
81071,大億一,112.2,86
81072,大億二,123,100.5
81073,大億三,148,83.5
81091,博大一,175,106.5
81101,華東一,138,92.9
81102,華東二,112.5,97.2
81111,立碁一,190,91.75
81112,立碁二,127,93.5
81113,立碁三,126,40.3
81121,至上一,130.1,75
81122,至上二,145,100
81123,至上三,124.1,85
81124,至上四,322,107
81125,至上五,116,100.85
81126,至上六,134.6,100.5
81127,至上七,152,107
81128,至上八,288,101.5
81129,至上九,221,95.95
81141,振樺電一,124,98
81142,振樺電二,106.5,91.8
81471,正淩一,167,100.2
81472,正淩二,248,102
81473,正淩三,148,94.5
81551,博智一,355,102.05
81711,天宇一,234,104.5
81712,天宇二,119,100
81713,天宇三,140.1,99.6
81714,天宇四,136,103
81715,天宇五,128,92.05
82101,勤誠一,240,99.1
82102,勤誠二,161,110.55
82103,勤誠三,163,122.95
82131,志超一,135,100.3
82341,新漢一,121,95.05
82401,華宏一,130.5,100
82402,華宏二,106.8,97.1
82491,菱光一,156,97
82551,朋程一,132.5,100
82611,富鼎一,185,96
82612,富鼎二,120,99.3
82613,富鼎三,120,100
82661,中日一,117.1,102.2
82771,商丞一,155,93.5
82772,商丞二,235,80
82773,商丞三,107,97
82871,英格爾ㄧ,1390,96.25
82891,泰藝一,118,95
82991,群聯一,153,97
82992,群聯二,374,102
82993,群聯三,136,111.1
83491,友信一,243,107
83492,恒耀二,158,100
83493,恒耀三,214,103
83494,恒耀四,175,93.05
83541,冠郝一,144.45,94
83671,建新國際一,120.5,95
83741,羅昇一,122,93
83742,羅昇二,120,92.05
83831,千附一,182,101.95
83901,金益一,121,98.8
83902,金益二,120,101
83903,金益三,127.1,98.9
83904,金益四,107.9,99.9
83905,金益鼎五,190,104.5
84011,白紗一,150,100.5
84031,盛弘一,211,106.6
84032,盛弘二,155,101
84033,盛弘三,153,99.75
84041,百和興業一KY,123.4,100.2
84061,金可一KY,129.9,95.7
84111,福貞一KY,109,99
84112,福貞二KY,102.7,89.1
84113,福貞三KY,102.3,99.3
84201,明揚一,148.9,90.3
84211,旭源一,159,100
84221,可寧衛一,354,102.7
84222,可寧衛二,272,96.3
84291,金麗一KY,109.75,88.2
84311,匯鑽科一,163,99.2
84312,匯鑽科二,117,99.05
84331,弘帆一,147.85,98.95
84332,弘帆二,118.5,96.65
84333,弘帆三,111.5,96
84361,大江一,273,110.5
84362,大江二,164,100
84371,大地一KY,208,109.05
84372,大地二KY,202,107.6
84421,威宏一KY,210,110.6
84422,威宏二KY,158,99.75
84501,霹靂一,149.5,85.05
84621,柏文一,259,104.1
84622,柏文二,129.9,99.8
84623,柏文三,133,99.5
84661,美吉吉一KY,105.8,95.8
84662,美吉吉二KY,132,92.1
84671,波力一KY,117,100.6
84672,波力二KY,178,106.5
84673,波力三KY,146,100
84731,山林水一,107,97
84732,山林水二,162,92.95
84761,台境一,119.5,99.65
84781,東哥遊艇一,121.85,90
84881,吉源一KY,116.95,98.3
84891,三貝德一,186,106.2
84991,鼎炫一KY,135.5,98
89161,光隆一,121,101
89241,大田一,210,115
89251,偉盟一,160,95
89252,偉盟二,183,91
89253,偉盟三,131,79
89254,偉盟四,140,50.1
89255,偉盟五,101.8,84.5
89261,台汽一,165,103
89271,北基一,181,107
89272,北基二,115,101
89273,北基三,118.1,99.5
89274,北基四,118,96.55
89275,北基五,416,112.2
89276,北基六,272,98.2
89277,北基七,136,100.75
89278,北基八,133.1,91.05
89281,鉅明一,110,96
89291,富堡一,159,101
89301,青鋼一,139,65
89302,青鋼二,138,100.1
89321,宏大一,681,116
89331,愛地雅一,146,95
89332,愛地雅二,128,99.75
89333,愛地雅三,123.5,91.5
89334,愛地雅四,141.15,99.7
89335,愛地雅五,180,72
89351,邦泰一,182,103
89352,邦泰二,182,77.5
89361,國統一,105,99
89362,國統二,188,80
89363,國統三,194,101
89364,國統四,120,101.5
89381,明安一,207,100.1
89382,明安二,267,105
89383,明安三,145,99.6
89411,關中一,176,97
89421,森鉅一,321,107
89422,森鉅二,141.9,75
89423,森鉅三,236,107
89424,森鉅四,188,102
89961,高力一,246,85
89962,高力二,151,103
89963,高力三,120.5,99.5
89964,高力四,501,107
98021,鈺齊一KY,243,104.05
98022,鈺齊二KY,251,100.8
98023,鈺齊三KY,174,99.2
98024,鈺齊四KY,293,102
98025,鈺齊五KY,192,112
98026,鈺齊六KY,142.7,102.8
99061,欣巴巴一,454,111.2
99062,欣巴巴二,247,110
99063,欣巴巴三,108,91
99211,巨大一,109.8,95.2
99242,福興二,230,138
99271,泰銘一,165,95.5
99272,泰銘二,168,106.4
99331,中鼎一,154,86
99332,中鼎二,114.5,84.8
99341,成霖一,156,60
99342,成霖二,172,95
99351,慶豐富一,117,93.6
99352,慶豐富二,116,94
99353,慶豐富三,114,92.75
99381,百和一,258,98
99392,宏全二,114.15,100
99411,裕融一,134.5,100
99412,裕融二,102.5,93.3
99421,茂順一,168,97
99441,新麗一,148.7,100.45
99442,新麗二,288,99.75
99461,三發一,229,107
99551,佳龍一,602,100
99552,佳龍二,119,98
99553,佳龍三,118.5,98.05
99581,世紀鋼一,139.1,104.35
99582,世紀鋼二,195,102
99583,世紀鋼三,198,81.4
99584,世紀鋼四,196,102
99585,世紀鋼五,182,104.35
99586,世紀鋼六,189,106
99587,世紀鋼七,111.8,96
99588,世紀鋼八永,115,95.15
140201,遠東新E1永,113.5,82.5
140202,遠東新E2永,104.4,95
171501,萬洲E1,123,102
233201,友訊E1,141,96.8
235201,明基E1,139.2,95.65
240601,國碩E1,270,100
240602,國碩E2,136.05,102.05
260301,長榮E1,111.3,98.55
288601,兆豐金E1,102.15,96.25
288602,兆豐金E2,127,98
288701,台新金E1,112.1,98.5
370201,大聯大E1,156,104.1
629010,良維十,415,117.85
811210,至上十,134,92
61565,松上五,111.3,98
81114,立碁四,122.2,111.1
84762,台境二,105.5,102
